,Start,Middle,End
0,FTM,BTC,BNB
1,FTM,BTC,ETH
2,FTM,BNB,BTC
3,FTM,BNB,ETH
4,FTM,ETH,BTC
5,FTM,ETH,BNB
6,DAR,BTC,BNB
7,DAR,BNB,BTC
8,INJ,BTC,BNB
9,INJ,BTC,ETH
10,INJ,BNB,BTC
11,INJ,BNB,ETH
12,INJ,ETH,BTC
13,INJ,ETH,BNB
14,COS,BTC,BNB
15,COS,BNB,BTC
16,DOT,BTC,BNB
17,DOT,BTC,ETH
18,DOT,BNB,BTC
19,DOT,BNB,ETH
20,DOT,ETH,BTC
21,DOT,ETH,BNB
22,MANA,BTC,ETH
23,MANA,ETH,BTC
24,GALA,BTC,BNB
25,GALA,BTC,ETH
26,GALA,BNB,BTC
27,GALA,BNB,ETH
28,GALA,ETH,BTC
29,GALA,ETH,BNB
30,HOOK,BTC,BNB
31,HOOK,BNB,BTC
32,MANTA,BTC,BNB
33,MANTA,BNB,BTC
34,BCH,BTC,BNB
35,BCH,BNB,BTC
36,ICP,BTC,BNB
37,ICP,BTC,ETH
38,ICP,BNB,BTC
39,ICP,BNB,ETH
40,ICP,ETH,BTC
41,ICP,ETH,BNB
42,XMR,BTC,BNB
43,XMR,BTC,ETH
44,XMR,BNB,BTC
45,XMR,BNB,ETH
46,XMR,ETH,BTC
47,XMR,ETH,BNB
48,ZIL,BTC,ETH
49,ZIL,ETH,BTC
50,BTC,FTM,BNB
51,BTC,FTM,ETH
52,BTC,DAR,BNB
53,BTC,INJ,BNB
54,BTC,INJ,ETH
55,BTC,COS,BNB
56,BTC,DOT,BNB
57,BTC,DOT,ETH
58,BTC,MANA,ETH
59,BTC,GALA,BNB
60,BTC,GALA,ETH
61,BTC,HOOK,BNB
62,BTC,MANTA,BNB
63,BTC,BCH,BNB
64,BTC,ICP,BNB
65,BTC,ICP,ETH
66,BTC,XMR,BNB
67,BTC,XMR,ETH
68,BTC,ZIL,ETH
69,BTC,IOTA,ETH
70,BTC,ALT,BNB
71,BTC,SXP,BNB
72,BTC,THETA,ETH
73,BTC,PAXG,BNB
74,BTC,HBAR,BNB
75,BTC,XLM,BNB
76,BTC,XLM,ETH
77,BTC,SNT,ETH
78,BTC,ANT,BNB
79,BTC,POLS,BNB
80,BTC,CHR,BNB
81,BTC,CHR,ETH
82,BTC,CTK,BNB
83,BTC,DYDX,BNB
84,BTC,SCRT,ETH
85,BTC,NTRN,BNB
86,BTC,SEI,BNB
87,BTC,LRC,ETH
88,BTC,NEO,ETH
89,BTC,ADA,BNB
90,BTC,ADA,ETH
91,BTC,BNB,FTM
92,BTC,BNB,DAR
93,BTC,BNB,INJ
94,BTC,BNB,COS
95,BTC,BNB,DOT
96,BTC,BNB,GALA
97,BTC,BNB,HOOK
98,BTC,BNB,MANTA
99,BTC,BNB,BCH
100,BTC,BNB,ICP
101,BTC,BNB,XMR
102,BTC,BNB,ALT
103,BTC,BNB,SXP
104,BTC,BNB,PAXG
105,BTC,BNB,HBAR
106,BTC,BNB,XLM
107,BTC,BNB,ANT
108,BTC,BNB,POLS
109,BTC,BNB,CHR
110,BTC,BNB,CTK
111,BTC,BNB,DYDX
112,BTC,BNB,NTRN
113,BTC,BNB,SEI
114,BTC,BNB,ADA
115,BTC,BNB,KAVA
116,BTC,BNB,MATIC
117,BTC,BNB,RUNE
118,BTC,BNB,ETC
119,BTC,BNB,OP
120,BTC,BNB,MBOX
121,BTC,BNB,ETH
122,BTC,BNB,ARKM
123,BTC,BNB,TRX
124,BTC,BNB,FIL
125,BTC,BNB,ID
126,BTC,BNB,SOL
127,BTC,BNB,CHZ
128,BTC,BNB,GMT
129,BTC,BNB,STX
130,BTC,BNB,CTSI
131,BTC,BNB,ALGO
132,BTC,BNB,XAI
133,BTC,BNB,BAKE
134,BTC,BNB,LINK
135,BTC,BNB,SUI
136,BTC,BNB,UNI
137,BTC,BNB,USDT
138,BTC,BNB,CYBER
139,BTC,BNB,AAVE
140,BTC,BNB,WOO
141,BTC,BNB,CAKE
142,BTC,BNB,EGLD
143,BTC,BNB,SAND
144,BTC,BNB,LTC
145,BTC,BNB,OCEAN
146,BTC,BNB,AXS
147,BTC,BNB,ENS
148,BTC,BNB,FLOW
149,BTC,BNB,LPT
150,BTC,BNB,APE
151,BTC,BNB,AVAX
152,BTC,BNB,AI
153,BTC,BNB,EDU
154,BTC,BNB,ONE
155,BTC,BNB,FET
156,BTC,BNB,LOKA
157,BTC,BNB,COTI
158,BTC,BNB,VET
159,BTC,BNB,ATOM
160,BTC,BNB,NFP
161,BTC,BNB,ARPA
162,BTC,BNB,SNX
163,BTC,BNB,XRP
164,BTC,BNB,NEAR
165,BTC,BNB,ACE
166,BTC,BNB,HIGH
167,BTC,BNB,XVS
168,BTC,KAVA,BNB
169,BTC,KAVA,ETH
170,BTC,MATIC,BNB
171,BTC,MATIC,ETH
172,BTC,RUNE,BNB
173,BTC,RUNE,ETH
174,BTC,IOST,ETH
175,BTC,ETC,BNB
176,BTC,ETC,ETH
177,BTC,QKC,ETH
178,BTC,QTUM,ETH
179,BTC,OP,BNB
180,BTC,OP,ETH
181,BTC,ZEC,ETH
182,BTC,SSV,ETH
183,BTC,MBOX,BNB
184,BTC,ETH,FTM
185,BTC,ETH,INJ
186,BTC,ETH,DOT
187,BTC,ETH,MANA
188,BTC,ETH,GALA
189,BTC,ETH,ICP
190,BTC,ETH,XMR
191,BTC,ETH,ZIL
192,BTC,ETH,IOTA
193,BTC,ETH,THETA
194,BTC,ETH,XLM
195,BTC,ETH,SNT
196,BTC,ETH,CHR
197,BTC,ETH,SCRT
198,BTC,ETH,LRC
199,BTC,ETH,NEO
200,BTC,ETH,ADA
201,BTC,ETH,BNB
202,BTC,ETH,KAVA
203,BTC,ETH,MATIC
204,BTC,ETH,RUNE
205,BTC,ETH,IOST
206,BTC,ETH,ETC
207,BTC,ETH,QKC
208,BTC,ETH,QTUM
209,BTC,ETH,OP
210,BTC,ETH,ZEC
211,BTC,ETH,SSV
212,BTC,ETH,BETA
213,BTC,ETH,TRX
214,BTC,ETH,FIL
215,BTC,ETH,SOL
216,BTC,ETH,GMT
217,BTC,ETH,STEEM
218,BTC,ETH,BNT
219,BTC,ETH,ALGO
220,BTC,ETH,WAVES
221,BTC,ETH,WBTC
222,BTC,ETH,ELF
223,BTC,ETH,LINK
224,BTC,ETH,UNI
225,BTC,ETH,CYBER
226,BTC,ETH,RLC
227,BTC,ETH,EOS
228,BTC,ETH,AAVE
229,BTC,ETH,CRV
230,BTC,ETH,EGLD
231,BTC,ETH,SAND
232,BTC,ETH,LTC
233,BTC,ETH,APT
234,BTC,ETH,AXS
235,BTC,ETH,GRT
236,BTC,ETH,APE
237,BTC,ETH,AVAX
238,BTC,ETH,ARB
239,BTC,ETH,POWR
240,BTC,ETH,ADX
241,BTC,ETH,IOTX
242,BTC,ETH,WAN
243,BTC,ETH,LSK
244,BTC,ETH,VET
245,BTC,ETH,ZEN
246,BTC,ETH,ATOM
247,BTC,ETH,ENJ
248,BTC,ETH,ARPA
249,BTC,ETH,SNX
250,BTC,ETH,ROSE
251,BTC,ETH,DASH
252,BTC,ETH,XRP
253,BTC,ETH,NEAR
254,BTC,BETA,ETH
255,BTC,ARKM,BNB
256,BTC,TRX,BNB
257,BTC,TRX,ETH
258,BTC,FIL,BNB
259,BTC,FIL,ETH
260,BTC,ID,BNB
261,BTC,SOL,BNB
262,BTC,SOL,ETH
263,BTC,CHZ,BNB
264,BTC,GMT,BNB
265,BTC,GMT,ETH
266,BTC,STEEM,ETH
267,BTC,BNT,ETH
268,BTC,STX,BNB
269,BTC,CTSI,BNB
270,BTC,ALGO,BNB
271,BTC,ALGO,ETH
272,BTC,XAI,BNB
273,BTC,WAVES,ETH
274,BTC,WBTC,ETH
275,BTC,ELF,ETH
276,BTC,BAKE,BNB
277,BTC,LINK,BNB
278,BTC,LINK,ETH
279,BTC,SUI,BNB
280,BTC,UNI,BNB
281,BTC,UNI,ETH
282,BTC,USDT,BNB
283,BTC,CYBER,BNB
284,BTC,CYBER,ETH
285,BTC,RLC,ETH
286,BTC,EOS,ETH
287,BTC,AAVE,BNB
288,BTC,AAVE,ETH
289,BTC,WOO,BNB
290,BTC,CRV,ETH
291,BTC,CAKE,BNB
292,BTC,EGLD,BNB
293,BTC,EGLD,ETH
294,BTC,SAND,BNB
295,BTC,SAND,ETH
296,BTC,LTC,BNB
297,BTC,LTC,ETH
298,BTC,OCEAN,BNB
299,BTC,APT,ETH
300,BTC,AXS,BNB
301,BTC,AXS,ETH
302,BTC,ENS,BNB
303,BTC,FLOW,BNB
304,BTC,LPT,BNB
305,BTC,GRT,ETH
306,BTC,APE,BNB
307,BTC,APE,ETH
308,BTC,AVAX,BNB
309,BTC,AVAX,ETH
310,BTC,ARB,ETH
311,BTC,AI,BNB
312,BTC,EDU,BNB
313,BTC,POWR,ETH
314,BTC,ONE,BNB
315,BTC,FET,BNB
316,BTC,ADX,ETH
317,BTC,IOTX,ETH
318,BTC,WAN,ETH
319,BTC,LOKA,BNB
320,BTC,COTI,BNB
321,BTC,LSK,ETH
322,BTC,VET,BNB
323,BTC,VET,ETH
324,BTC,ZEN,ETH
325,BTC,ATOM,BNB
326,BTC,ATOM,ETH
327,BTC,ENJ,ETH
328,BTC,NFP,BNB
329,BTC,ARPA,BNB
330,BTC,ARPA,ETH
331,BTC,SNX,BNB
332,BTC,SNX,ETH
333,BTC,ROSE,ETH
334,BTC,DASH,ETH
335,BTC,XRP,BNB
336,BTC,XRP,ETH
337,BTC,NEAR,BNB
338,BTC,NEAR,ETH
339,BTC,ACE,BNB
340,BTC,HIGH,BNB
341,BTC,XVS,BNB
342,IOTA,BTC,ETH
343,IOTA,ETH,BTC
344,ALT,BTC,BNB
345,ALT,BNB,BTC
346,SXP,BTC,BNB
347,SXP,BNB,BTC
348,THETA,BTC,ETH
349,THETA,ETH,BTC
350,PAXG,BTC,BNB
351,PAXG,BNB,BTC
352,HBAR,BTC,BNB
353,HBAR,BNB,BTC
354,XLM,BTC,BNB
355,XLM,BTC,ETH
356,XLM,BNB,BTC
357,XLM,BNB,ETH
358,XLM,ETH,BTC
359,XLM,ETH,BNB
360,SNT,BTC,ETH
361,SNT,ETH,BTC
362,ANT,BTC,BNB
363,ANT,BNB,BTC
364,POLS,BTC,BNB
365,POLS,BNB,BTC
366,CHR,BTC,BNB
367,CHR,BTC,ETH
368,CHR,BNB,BTC
369,CHR,BNB,ETH
370,CHR,ETH,BTC
371,CHR,ETH,BNB
372,CTK,BTC,BNB
373,CTK,BNB,BTC
374,DYDX,BTC,BNB
375,DYDX,BNB,BTC
376,SCRT,BTC,ETH
377,SCRT,ETH,BTC
378,NTRN,BTC,BNB
379,NTRN,BNB,BTC
380,SEI,BTC,BNB
381,SEI,BNB,BTC
382,LRC,BTC,ETH
383,LRC,ETH,BTC
384,NEO,BTC,ETH
385,NEO,ETH,BTC
386,ADA,BTC,BNB
387,ADA,BTC,ETH
388,ADA,BNB,BTC
389,ADA,BNB,ETH
390,ADA,ETH,BTC
391,ADA,ETH,BNB
392,BNB,FTM,BTC
393,BNB,FTM,ETH
394,BNB,DAR,BTC
395,BNB,INJ,BTC
396,BNB,INJ,ETH
397,BNB,COS,BTC
398,BNB,DOT,BTC
399,BNB,DOT,ETH
400,BNB,GALA,BTC
401,BNB,GALA,ETH
402,BNB,HOOK,BTC
403,BNB,MANTA,BTC
404,BNB,BCH,BTC
405,BNB,ICP,BTC
406,BNB,ICP,ETH
407,BNB,XMR,BTC
408,BNB,XMR,ETH
409,BNB,BTC,FTM
410,BNB,BTC,DAR
411,BNB,BTC,INJ
412,BNB,BTC,COS
413,BNB,BTC,DOT
414,BNB,BTC,GALA
415,BNB,BTC,HOOK
416,BNB,BTC,MANTA
417,BNB,BTC,BCH
418,BNB,BTC,ICP
419,BNB,BTC,XMR
420,BNB,BTC,ALT
421,BNB,BTC,SXP
422,BNB,BTC,PAXG
423,BNB,BTC,HBAR
424,BNB,BTC,XLM
425,BNB,BTC,ANT
426,BNB,BTC,POLS
427,BNB,BTC,CHR
428,BNB,BTC,CTK
429,BNB,BTC,DYDX
430,BNB,BTC,NTRN
431,BNB,BTC,SEI
432,BNB,BTC,ADA
433,BNB,BTC,KAVA
434,BNB,BTC,MATIC
435,BNB,BTC,RUNE
436,BNB,BTC,ETC
437,BNB,BTC,OP
438,BNB,BTC,MBOX
439,BNB,BTC,ETH
440,BNB,BTC,ARKM
441,BNB,BTC,TRX
442,BNB,BTC,FIL
443,BNB,BTC,ID
444,BNB,BTC,SOL
445,BNB,BTC,CHZ
446,BNB,BTC,GMT
447,BNB,BTC,STX
448,BNB,BTC,CTSI
449,BNB,BTC,ALGO
450,BNB,BTC,XAI
451,BNB,BTC,BAKE
452,BNB,BTC,LINK
453,BNB,BTC,SUI
454,BNB,BTC,UNI
455,BNB,BTC,USDT
456,BNB,BTC,CYBER
457,BNB,BTC,AAVE
458,BNB,BTC,WOO
459,BNB,BTC,CAKE
460,BNB,BTC,EGLD
461,BNB,BTC,SAND
462,BNB,BTC,LTC
463,BNB,BTC,OCEAN
464,BNB,BTC,AXS
465,BNB,BTC,ENS
466,BNB,BTC,FLOW
467,BNB,BTC,LPT
468,BNB,BTC,APE
469,BNB,BTC,AVAX
470,BNB,BTC,AI
471,BNB,BTC,EDU
472,BNB,BTC,ONE
473,BNB,BTC,FET
474,BNB,BTC,LOKA
475,BNB,BTC,COTI
476,BNB,BTC,VET
477,BNB,BTC,ATOM
478,BNB,BTC,NFP
479,BNB,BTC,ARPA
480,BNB,BTC,SNX
481,BNB,BTC,XRP
482,BNB,BTC,NEAR
483,BNB,BTC,ACE
484,BNB,BTC,HIGH
485,BNB,BTC,XVS
486,BNB,ALT,BTC
487,BNB,SXP,BTC
488,BNB,PAXG,BTC
489,BNB,HBAR,BTC
490,BNB,XLM,BTC
491,BNB,XLM,ETH
492,BNB,ANT,BTC
493,BNB,POLS,BTC
494,BNB,CHR,BTC
495,BNB,CHR,ETH
496,BNB,CTK,BTC
497,BNB,DYDX,BTC
498,BNB,NTRN,BTC
499,BNB,SEI,BTC
500,BNB,ADA,BTC
501,BNB,ADA,ETH
502,BNB,KAVA,BTC
503,BNB,KAVA,ETH
504,BNB,FUN,ETH
505,BNB,MATIC,BTC
506,BNB,MATIC,ETH
507,BNB,RUNE,BTC
508,BNB,RUNE,ETH
509,BNB,ETC,BTC
510,BNB,ETC,ETH
511,BNB,OP,BTC
512,BNB,OP,ETH
513,BNB,MBOX,BTC
514,BNB,ETH,FTM
515,BNB,ETH,INJ
516,BNB,ETH,DOT
517,BNB,ETH,GALA
518,BNB,ETH,ICP
519,BNB,ETH,XMR
520,BNB,ETH,BTC
521,BNB,ETH,XLM
522,BNB,ETH,CHR
523,BNB,ETH,ADA
524,BNB,ETH,KAVA
525,BNB,ETH,FUN
526,BNB,ETH,MATIC
527,BNB,ETH,RUNE
528,BNB,ETH,ETC
529,BNB,ETH,OP
530,BNB,ETH,TRX
531,BNB,ETH,FIL
532,BNB,ETH,SOL
533,BNB,ETH,GMT
534,BNB,ETH,ALGO
535,BNB,ETH,LINK
536,BNB,ETH,UNI
537,BNB,ETH,CYBER
538,BNB,ETH,AAVE
539,BNB,ETH,EGLD
540,BNB,ETH,SAND
541,BNB,ETH,LTC
542,BNB,ETH,AXS
543,BNB,ETH,APE
544,BNB,ETH,AVAX
545,BNB,ETH,VET
546,BNB,ETH,ATOM
547,BNB,ETH,ARPA
548,BNB,ETH,SNX
549,BNB,ETH,MEME
550,BNB,ETH,XRP
551,BNB,ETH,NEAR
552,BNB,ARKM,BTC
553,BNB,TRX,BTC
554,BNB,TRX,ETH
555,BNB,FIL,BTC
556,BNB,FIL,ETH
557,BNB,ID,BTC
558,BNB,SOL,BTC
559,BNB,SOL,ETH
560,BNB,CHZ,BTC
561,BNB,GMT,BTC
562,BNB,GMT,ETH
563,BNB,STX,BTC
564,BNB,CTSI,BTC
565,BNB,ALGO,BTC
566,BNB,ALGO,ETH
567,BNB,XAI,BTC
568,BNB,BAKE,BTC
569,BNB,LINK,BTC
570,BNB,LINK,ETH
571,BNB,SUI,BTC
572,BNB,UNI,BTC
573,BNB,UNI,ETH
574,BNB,USDT,BTC
575,BNB,CYBER,BTC
576,BNB,CYBER,ETH
577,BNB,AAVE,BTC
578,BNB,AAVE,ETH
579,BNB,WOO,BTC
580,BNB,CAKE,BTC
581,BNB,EGLD,BTC
582,BNB,EGLD,ETH
583,BNB,SAND,BTC
584,BNB,SAND,ETH
585,BNB,LTC,BTC
586,BNB,LTC,ETH
587,BNB,OCEAN,BTC
588,BNB,AXS,BTC
589,BNB,AXS,ETH
590,BNB,ENS,BTC
591,BNB,FLOW,BTC
592,BNB,LPT,BTC
593,BNB,APE,BTC
594,BNB,APE,ETH
595,BNB,AVAX,BTC
596,BNB,AVAX,ETH
597,BNB,AI,BTC
598,BNB,EDU,BTC
599,BNB,ONE,BTC
600,BNB,FET,BTC
601,BNB,LOKA,BTC
602,BNB,COTI,BTC
603,BNB,VET,BTC
604,BNB,VET,ETH
605,BNB,ATOM,BTC
606,BNB,ATOM,ETH
607,BNB,NFP,BTC
608,BNB,ARPA,BTC
609,BNB,ARPA,ETH
610,BNB,SNX,BTC
611,BNB,SNX,ETH
612,BNB,MEME,ETH
613,BNB,XRP,BTC
614,BNB,XRP,ETH
615,BNB,NEAR,BTC
616,BNB,NEAR,ETH
617,BNB,ACE,BTC
618,BNB,HIGH,BTC
619,BNB,XVS,BTC
620,KAVA,BTC,BNB
621,KAVA,BTC,ETH
622,KAVA,BNB,BTC
623,KAVA,BNB,ETH
624,KAVA,ETH,BTC
625,KAVA,ETH,BNB
626,FUN,BNB,ETH
627,FUN,ETH,BNB
628,MATIC,BTC,BNB
629,MATIC,BTC,ETH
630,MATIC,BNB,BTC
631,MATIC,BNB,ETH
632,MATIC,ETH,BTC
633,MATIC,ETH,BNB
634,RUNE,BTC,BNB
635,RUNE,BTC,ETH
636,RUNE,BNB,BTC
637,RUNE,BNB,ETH
638,RUNE,ETH,BTC
639,RUNE,ETH,BNB
640,IOST,BTC,ETH
641,IOST,ETH,BTC
642,ETC,BTC,BNB
643,ETC,BTC,ETH
644,ETC,BNB,BTC
645,ETC,BNB,ETH
646,ETC,ETH,BTC
647,ETC,ETH,BNB
648,QKC,BTC,ETH
649,QKC,ETH,BTC
650,QTUM,BTC,ETH
651,QTUM,ETH,BTC
652,OP,BTC,BNB
653,OP,BTC,ETH
654,OP,BNB,BTC
655,OP,BNB,ETH
656,OP,ETH,BTC
657,OP,ETH,BNB
658,ZEC,BTC,ETH
659,ZEC,ETH,BTC
660,SSV,BTC,ETH
661,SSV,ETH,BTC
662,MBOX,BTC,BNB
663,MBOX,BNB,BTC
664,ETH,FTM,BTC
665,ETH,FTM,BNB
666,ETH,INJ,BTC
667,ETH,INJ,BNB
668,ETH,DOT,BTC
669,ETH,DOT,BNB
670,ETH,MANA,BTC
671,ETH,GALA,BTC
672,ETH,GALA,BNB
673,ETH,ICP,BTC
674,ETH,ICP,BNB
675,ETH,XMR,BTC
676,ETH,XMR,BNB
677,ETH,ZIL,BTC
678,ETH,BTC,FTM
679,ETH,BTC,INJ
680,ETH,BTC,DOT
681,ETH,BTC,MANA
682,ETH,BTC,GALA
683,ETH,BTC,ICP
684,ETH,BTC,XMR
685,ETH,BTC,ZIL
686,ETH,BTC,IOTA
687,ETH,BTC,THETA
688,ETH,BTC,XLM
689,ETH,BTC,SNT
690,ETH,BTC,CHR
691,ETH,BTC,SCRT
692,ETH,BTC,LRC
693,ETH,BTC,NEO
694,ETH,BTC,ADA
695,ETH,BTC,BNB
696,ETH,BTC,KAVA
697,ETH,BTC,MATIC
698,ETH,BTC,RUNE
699,ETH,BTC,IOST
700,ETH,BTC,ETC
701,ETH,BTC,QKC
702,ETH,BTC,QTUM
703,ETH,BTC,OP
704,ETH,BTC,ZEC
705,ETH,BTC,SSV
706,ETH,BTC,BETA
707,ETH,BTC,TRX
708,ETH,BTC,FIL
709,ETH,BTC,SOL
710,ETH,BTC,GMT
711,ETH,BTC,STEEM
712,ETH,BTC,BNT
713,ETH,BTC,ALGO
714,ETH,BTC,WAVES
715,ETH,BTC,WBTC
716,ETH,BTC,ELF
717,ETH,BTC,LINK
718,ETH,BTC,UNI
719,ETH,BTC,CYBER
720,ETH,BTC,RLC
721,ETH,BTC,EOS
722,ETH,BTC,AAVE
723,ETH,BTC,CRV
724,ETH,BTC,EGLD
725,ETH,BTC,SAND
726,ETH,BTC,LTC
727,ETH,BTC,APT
728,ETH,BTC,AXS
729,ETH,BTC,GRT
730,ETH,BTC,APE
731,ETH,BTC,AVAX
732,ETH,BTC,ARB
733,ETH,BTC,POWR
734,ETH,BTC,ADX
735,ETH,BTC,IOTX
736,ETH,BTC,WAN
737,ETH,BTC,LSK
738,ETH,BTC,VET
739,ETH,BTC,ZEN
740,ETH,BTC,ATOM
741,ETH,BTC,ENJ
742,ETH,BTC,ARPA
743,ETH,BTC,SNX
744,ETH,BTC,ROSE
745,ETH,BTC,DASH
746,ETH,BTC,XRP
747,ETH,BTC,NEAR
748,ETH,IOTA,BTC
749,ETH,THETA,BTC
750,ETH,XLM,BTC
751,ETH,XLM,BNB
752,ETH,SNT,BTC
753,ETH,CHR,BTC
754,ETH,CHR,BNB
755,ETH,SCRT,BTC
756,ETH,LRC,BTC
757,ETH,NEO,BTC
758,ETH,ADA,BTC
759,ETH,ADA,BNB
760,ETH,BNB,FTM
761,ETH,BNB,INJ
762,ETH,BNB,DOT
763,ETH,BNB,GALA
764,ETH,BNB,ICP
765,ETH,BNB,XMR
766,ETH,BNB,BTC
767,ETH,BNB,XLM
768,ETH,BNB,CHR
769,ETH,BNB,ADA
770,ETH,BNB,KAVA
771,ETH,BNB,FUN
772,ETH,BNB,MATIC
773,ETH,BNB,RUNE
774,ETH,BNB,ETC
775,ETH,BNB,OP
776,ETH,BNB,TRX
777,ETH,BNB,FIL
778,ETH,BNB,SOL
779,ETH,BNB,GMT
780,ETH,BNB,ALGO
781,ETH,BNB,LINK
782,ETH,BNB,UNI
783,ETH,BNB,CYBER
784,ETH,BNB,AAVE
785,ETH,BNB,EGLD
786,ETH,BNB,SAND
787,ETH,BNB,LTC
788,ETH,BNB,AXS
789,ETH,BNB,APE
790,ETH,BNB,AVAX
791,ETH,BNB,VET
792,ETH,BNB,ATOM
793,ETH,BNB,ARPA
794,ETH,BNB,SNX
795,ETH,BNB,MEME
796,ETH,BNB,XRP
797,ETH,BNB,NEAR
798,ETH,KAVA,BTC
799,ETH,KAVA,BNB
800,ETH,FUN,BNB
801,ETH,MATIC,BTC
802,ETH,MATIC,BNB
803,ETH,RUNE,BTC
804,ETH,RUNE,BNB
805,ETH,IOST,BTC
806,ETH,ETC,BTC
807,ETH,ETC,BNB
808,ETH,QKC,BTC
809,ETH,QTUM,BTC
810,ETH,OP,BTC
811,ETH,OP,BNB
812,ETH,ZEC,BTC
813,ETH,SSV,BTC
814,ETH,BETA,BTC
815,ETH,TRX,BTC
816,ETH,TRX,BNB
817,ETH,FIL,BTC
818,ETH,FIL,BNB
819,ETH,SOL,BTC
820,ETH,SOL,BNB
821,ETH,GMT,BTC
822,ETH,GMT,BNB
823,ETH,STEEM,BTC
824,ETH,BNT,BTC
825,ETH,ALGO,BTC
826,ETH,ALGO,BNB
827,ETH,WAVES,BTC
828,ETH,WBTC,BTC
829,ETH,ELF,BTC
830,ETH,LINK,BTC
831,ETH,LINK,BNB
832,ETH,UNI,BTC
833,ETH,UNI,BNB
834,ETH,CYBER,BTC
835,ETH,CYBER,BNB
836,ETH,RLC,BTC
837,ETH,EOS,BTC
838,ETH,AAVE,BTC
839,ETH,AAVE,BNB
840,ETH,CRV,BTC
841,ETH,EGLD,BTC
842,ETH,EGLD,BNB
843,ETH,SAND,BTC
844,ETH,SAND,BNB
845,ETH,LTC,BTC
846,ETH,LTC,BNB
847,ETH,APT,BTC
848,ETH,AXS,BTC
849,ETH,AXS,BNB
850,ETH,GRT,BTC
851,ETH,APE,BTC
852,ETH,APE,BNB
853,ETH,AVAX,BTC
854,ETH,AVAX,BNB
855,ETH,ARB,BTC
856,ETH,POWR,BTC
857,ETH,ADX,BTC
858,ETH,IOTX,BTC
859,ETH,WAN,BTC
860,ETH,LSK,BTC
861,ETH,VET,BTC
862,ETH,VET,BNB
863,ETH,ZEN,BTC
864,ETH,ATOM,BTC
865,ETH,ATOM,BNB
866,ETH,ENJ,BTC
867,ETH,ARPA,BTC
868,ETH,ARPA,BNB
869,ETH,SNX,BTC
870,ETH,SNX,BNB
871,ETH,MEME,BNB
872,ETH,ROSE,BTC
873,ETH,DASH,BTC
874,ETH,XRP,BTC
875,ETH,XRP,BNB
876,ETH,NEAR,BTC
877,ETH,NEAR,BNB
878,BETA,BTC,ETH
879,BETA,ETH,BTC
880,ARKM,BTC,BNB
881,ARKM,BNB,BTC
882,TRX,BTC,BNB
883,TRX,BTC,ETH
884,TRX,BNB,BTC
885,TRX,BNB,ETH
886,TRX,ETH,BTC
887,TRX,ETH,BNB
888,FIL,BTC,BNB
889,FIL,BTC,ETH
890,FIL,BNB,BTC
891,FIL,BNB,ETH
892,FIL,ETH,BTC
893,FIL,ETH,BNB
894,ID,BTC,BNB
895,ID,BNB,BTC
896,SOL,BTC,BNB
897,SOL,BTC,ETH
898,SOL,BNB,BTC
899,SOL,BNB,ETH
900,SOL,ETH,BTC
901,SOL,ETH,BNB
902,CHZ,BTC,BNB
903,CHZ,BNB,BTC
904,GMT,BTC,BNB
905,GMT,BTC,ETH
906,GMT,BNB,BTC
907,GMT,BNB,ETH
908,GMT,ETH,BTC
909,GMT,ETH,BNB
910,STEEM,BTC,ETH
911,STEEM,ETH,BTC
912,BNT,BTC,ETH
913,BNT,ETH,BTC
914,STX,BTC,BNB
915,STX,BNB,BTC
916,CTSI,BTC,BNB
917,CTSI,BNB,BTC
918,ALGO,BTC,BNB
919,ALGO,BTC,ETH
920,ALGO,BNB,BTC
921,ALGO,BNB,ETH
922,ALGO,ETH,BTC
923,ALGO,ETH,BNB
924,XAI,BTC,BNB
925,XAI,BNB,BTC
926,WAVES,BTC,ETH
927,WAVES,ETH,BTC
928,WBTC,BTC,ETH
929,WBTC,ETH,BTC
930,ELF,BTC,ETH
931,ELF,ETH,BTC
932,BAKE,BTC,BNB
933,BAKE,BNB,BTC
934,LINK,BTC,BNB
935,LINK,BTC,ETH
936,LINK,BNB,BTC
937,LINK,BNB,ETH
938,LINK,ETH,BTC
939,LINK,ETH,BNB
940,SUI,BTC,BNB
941,SUI,BNB,BTC
942,UNI,BTC,BNB
943,UNI,BTC,ETH
944,UNI,BNB,BTC
945,UNI,BNB,ETH
946,UNI,ETH,BTC
947,UNI,ETH,BNB
948,USDT,BTC,BNB
949,USDT,BNB,BTC
950,CYBER,BTC,BNB
951,CYBER,BTC,ETH
952,CYBER,BNB,BTC
953,CYBER,BNB,ETH
954,CYBER,ETH,BTC
955,CYBER,ETH,BNB
956,RLC,BTC,ETH
957,RLC,ETH,BTC
958,EOS,BTC,ETH
959,EOS,ETH,BTC
960,AAVE,BTC,BNB
961,AAVE,BTC,ETH
962,AAVE,BNB,BTC
963,AAVE,BNB,ETH
964,AAVE,ETH,BTC
965,AAVE,ETH,BNB
966,WOO,BTC,BNB
967,WOO,BNB,BTC
968,CRV,BTC,ETH
969,CRV,ETH,BTC
970,CAKE,BTC,BNB
971,CAKE,BNB,BTC
972,EGLD,BTC,BNB
973,EGLD,BTC,ETH
974,EGLD,BNB,BTC
975,EGLD,BNB,ETH
976,EGLD,ETH,BTC
977,EGLD,ETH,BNB
978,SAND,BTC,BNB
979,SAND,BTC,ETH
980,SAND,BNB,BTC
981,SAND,BNB,ETH
982,SAND,ETH,BTC
983,SAND,ETH,BNB
984,LTC,BTC,BNB
985,LTC,BTC,ETH
986,LTC,BNB,BTC
987,LTC,BNB,ETH
988,LTC,ETH,BTC
989,LTC,ETH,BNB
990,OCEAN,BTC,BNB
991,OCEAN,BNB,BTC
992,APT,BTC,ETH
993,APT,ETH,BTC
994,AXS,BTC,BNB
995,AXS,BTC,ETH
996,AXS,BNB,BTC
997,AXS,BNB,ETH
998,AXS,ETH,BTC
999,AXS,ETH,BNB
1000,ENS,BTC,BNB
1001,ENS,BNB,BTC
1002,FLOW,BTC,BNB
1003,FLOW,BNB,BTC
1004,LPT,BTC,BNB
1005,LPT,BNB,BTC
1006,GRT,BTC,ETH
1007,GRT,ETH,BTC
1008,APE,BTC,BNB
1009,APE,BTC,ETH
1010,APE,BNB,BTC
1011,APE,BNB,ETH
1012,APE,ETH,BTC
1013,APE,ETH,BNB
1014,AVAX,BTC,BNB
1015,AVAX,BTC,ETH
1016,AVAX,BNB,BTC
1017,AVAX,BNB,ETH
1018,AVAX,ETH,BTC
1019,AVAX,ETH,BNB
1020,ARB,BTC,ETH
1021,ARB,ETH,BTC
1022,AI,BTC,BNB
1023,AI,BNB,BTC
1024,EDU,BTC,BNB
1025,EDU,BNB,BTC
1026,POWR,BTC,ETH
1027,POWR,ETH,BTC
1028,ONE,BTC,BNB
1029,ONE,BNB,BTC
1030,FET,BTC,BNB
1031,FET,BNB,BTC
1032,ADX,BTC,ETH
1033,ADX,ETH,BTC
1034,IOTX,BTC,ETH
1035,IOTX,ETH,BTC
1036,WAN,BTC,ETH
1037,WAN,ETH,BTC
1038,LOKA,BTC,BNB
1039,LOKA,BNB,BTC
1040,COTI,BTC,BNB
1041,COTI,BNB,BTC
1042,LSK,BTC,ETH
1043,LSK,ETH,BTC
1044,VET,BTC,BNB
1045,VET,BTC,ETH
1046,VET,BNB,BTC
1047,VET,BNB,ETH
1048,VET,ETH,BTC
1049,VET,ETH,BNB
1050,ZEN,BTC,ETH
1051,ZEN,ETH,BTC
1052,ATOM,BTC,BNB
1053,ATOM,BTC,ETH
1054,ATOM,BNB,BTC
1055,ATOM,BNB,ETH
1056,ATOM,ETH,BTC
1057,ATOM,ETH,BNB
1058,ENJ,BTC,ETH
1059,ENJ,ETH,BTC
1060,NFP,BTC,BNB
1061,NFP,BNB,BTC
1062,ARPA,BTC,BNB
1063,ARPA,BTC,ETH
1064,ARPA,BNB,BTC
1065,ARPA,BNB,ETH
1066,ARPA,ETH,BTC
1067,ARPA,ETH,BNB
1068,SNX,BTC,BNB
1069,SNX,BTC,ETH
1070,SNX,BNB,BTC
1071,SNX,BNB,ETH
1072,SNX,ETH,BTC
1073,SNX,ETH,BNB
1074,MEME,BNB,ETH
1075,MEME,ETH,BNB
1076,ROSE,BTC,ETH
1077,ROSE,ETH,BTC
1078,DASH,BTC,ETH
1079,DASH,ETH,BTC
1080,XRP,BTC,BNB
1081,XRP,BTC,ETH
1082,XRP,BNB,BTC
1083,XRP,BNB,ETH
1084,XRP,ETH,BTC
1085,XRP,ETH,BNB
1086,NEAR,BTC,BNB
1087,NEAR,BTC,ETH
1088,NEAR,BNB,BTC
1089,NEAR,BNB,ETH
1090,NEAR,ETH,BTC
1091,NEAR,ETH,BNB
1092,ACE,BTC,BNB
1093,ACE,BNB,BTC
1094,HIGH,BTC,BNB
1095,HIGH,BNB,BTC
1096,XVS,BTC,BNB
1097,XVS,BNB,BTC
